Workbook

Sheet Contenido
A1: Número | B1: Indicador | C1: Metodo de Calculo | D1: Objetivo / alcance | E1: Nivel de desagregación | F1: Tipo de indicador
A2: I.1 | B2: Porcentaje de contratos reportados en CompraNet con detalle de partidas / concepto de obra | C2: (Total de contratos reportados en CompraNet/ Contratos con detalle de partidas/concepto obra) * 100 | D2: Medir la proporción de contratos que cuentan con el detalle pormenorizado de la contratación a fin de fomentar el registro adecuado de cada una de las partidas o conceptos de obra que componen el contrato y con ello abonar a la transparencia | E2: Dependencia | F2: Transparencia
A3: I.2 | B3: Porcentaje de contratos derivados de procedimientos competidos con propuestas capturadas en CompraNet | C3: (Total de contratos reportados en CompraNet/ contratos derivados de procedimientos competidos con propuestas capturadas en CompraNet) * 100 | D3: Medir la proporción de contratos derivados de procedimientos competidos que carecen del registro de propuestas recibidas a fin de fomentar el registro adecuado de cada una de las propuestas recibidas y con ello abonar a la transparencia | E3: Dependencia | F3: Transparencia
A4: I.3 | B4: Porcentaje de procedimientos de licitación pública adjudicados | C4: (Total de procedimeintos reportados en CompraNet/ procedimientos de licitación pública adjudicados en CompraNet) * 100 | D4: Medir la proporción de procedimientos declarados adjudicados fin de medir la efectividad de las áreas responsables de los procesos de contratación | E4: Dependencia | F4: Efectividad
A5: I.4 | B5: Porcentaje de procedimientos de invitación a cuando menos tres personas adjudicados | C5: (Total de procedimeintos reportados en CompraNet/ procedimientos de ICMTP adjudicados en CompraNet) * 100 | D5: Medir la proporción de procedimientos declarados adjudicados fin de medir la efectividad de las áreas responsables de los procesos de contratación | E5: Dependencia | F5: Efectividad
A6: I.5 | B6: Promedio de proposiciones recibidas y registradas de manera computable en procedimientos de licitación pública | C6: (Total de proposiciones de LP/ numero total de procedimientos LP) | D6: Cuantificar el número de propuestas recibidas y registradas en CompraNet por procedimiento de contratación a fin de evaluar el nivel de competencia en procedimientos de licitación pública | E6: Dependencia | F6: Competencia
A7: I.6 | B7: Promedio de proposiciones recibidas y registradas de manera computable en procedimientos de invitación a cuando menos tres personas | C7: (Total de proposiciones de icmtp/ numero total de procedimientos ICMTP) | D7: Cuantificar el número de propuestas recibidas y registradas en CompraNet por procedimiento de contratación a fin de evaluar el nivel de competencia en procedimientos de invitación a cuando menos tres personas | E7: Dependencia | F7: Competencia
A8: I.7 | B8: Promedio de invitados en procedimientos de invitación a cuando menos tres personas | C8: (Total de invitados de icmtp/ numero total de procedimientos ICMTP) | D8: Cuantificar el número de invitados y registrados en CompraNet por procedimiento de contratación a fin de evaluar el nivel de participación en procedimientos de invitación a cuando menos tres personas | E8: Dependencia | F8: Competencia
A9: I.8 | B9: Porcentaje de procedimientos de licitación pública concluidos con posibilidad de participación electrónica en procedimientos de la LAASSP | C9: (Total de procedimeintosde LP/ procedimientos de LP electronicos) * 100 | D9: Medir la proporción de procedimientos de licitación pública al amparo de la LAASSP y que han sido gestionados a través de CompraNet en comparación con el total de procedimientos de licitación pública realizados por la institución a fin de fomentar el uso de medios electrónicos | E9: Dependencia | F9: Uso de medios electrónicos
A10: I.9 | B10: Porcentaje de procedimientos de invitación a cuando menos tres personas concluidos con posibilidad de participación electrónica en procedimientos de la LAASSP | C10: (Total de procedimeintos de icmtp/ procedimientos de icmtp electronicos) * 100 | D10: Medir la proporción de procedimientos de invitación a cuando menos tres personas al amparo de la LAASSP y que han sido gestionados a través de CompraNet en comparación con el total de procedimientos de invitación a cuando menos tres personas realizados por la institución a fin de fomentar el uso de medios electrónicos | E10: Dependencia | F10: Uso de medios electrónicos
A11: I.10 | B11: Distribución de supuestos de excepción a la licitación pública al amparo de la LAASSP | C11: (Cantidad de excepciones por cada articulo y fraccion/Total de procedimientos por excepcion) * 100 | D11: Identificar los supuestos de excepción a la licitación pública más recurrentes en aquellos procesos realizados al amparo de la LAASSP a fin de identificar patrones de comportamiento que pudieran limitar la competencia | E11: Dependencia | F11: Transparencia / competencia
A12: I.11 | B12: Distribución de supuestos de excepción a la licitación pública al amparo de la LOPSRM | C12: (Cantidad de excepciones por cada articulo y fraccion/Total de procedimientos por excepcion) * 100 | D12: Identificar los supuestos de excepción a la licitación pública más recurrentes en aquellos procesos realizados al amparo de la LOPSRM a fin de identificar patrones de comportamiento que pudieran limitar la competencia | E12: Dependencia | F12: Transparencia / competencia
... A15: I.14 | B15: Porcentaje de avance en la atención de incidencias de captura identificadas en CompraNet | C15: (Total de incidencias de captura identificadas en CompraNet/ incidencias atendidas en el trimestre) * 100 | D15: Medir en terminos relativos el grado de avance de atención de incidencias de captura identificadas en CompraNet | E15: Dependencia | F15: Transparencia

Sheet INDICADOR PORCENTAJE
A1: Número | B1: Indicador | C1: Metodo de Calculo | D1: Objetivo / alcance | E1: Nivel de desagregación | F1: Tipo de indicador | G1: Comentario | H1: Periodo | I1: Acciones | J1: Porcentaje de avance al cierre del trimestre
A2: I.1 | B2: Porcentaje de contratos reportados en CompraNet con detalle de partidas / concepto de obra | C2: (Total de contratos reportados en CompraNet/ Contratos con detalle de partidas/concepto obra) * 100 | D2: Medir la proporción de contratos que cuentan con el detalle pormenorizado de la contratación a fin de fomentar el registro adecuado de cada una de las partidas o conceptos de obra que componen el contrato y con ello abonar a la transparencia | E2: Dependencia | F2: Transparencia | G2: La captura del detalle pormenorizado de la contratación es fundamental para las investigaciones de mercado, al mismo tiempo que abona a la transparencia y rendición de cuentas | H2: 4to trimestre | I2: Se instruyó a los usuarios del sistema para que en los datos relevantes del contrato se registre de manera pormenorizada las partidas y/o conceptos objeto de la contratación. | J2: =IFERROR(Concentrado_Contrataciones!K5/Concentrado_Contrataciones!J5,0) -> 0
A3: I.2 | B3: Porcentaje de contratos derivados de procedimientos competidos con propuestas capturadas en CompraNet | C3: (Total de contratos reportados en CompraNet/ contratos derivados de procedimientos competidos con propuestas capturadas en CompraNet) * 100 | D3: Medir la proporción de contratos derivados de procedimientos competidos que carecen del registro de propuestas recibidas a fin de fomentar el registro adecuado de cada una de las propuestas recibidas y con ello abonar a la transparencia | E3: Dependencia | F3: Transparencia | G3: El registro computable de las propuestas recibidas coadyuva a la transparencia, al mismo tiempo que aporta información necesaria para la toma de decisiones. | H3: 4to trimestre | I3: Los procedimientos de contratación se realizan en su mayoría de manera electrónica; existen procedientos mixtos, en cuyos casos la información de propuesta del licitante se carga al sistema para efectos de dar mayor transparencia al procedimiento de contratación del que se trate. | J3: =IFERROR(Concentrado_Contrataciones!L5/Concentrado_Contrataciones!J5,0) -> 0
A4: I.3 | B4: Porcentaje de procedimientos de licitación pública adjudicados | C4: (Total de procedimientos reportados en CompraNet de licitación pública / procedimientos de licitación pública adjudicados en CompraNet) * 100 | D4: Medir la proporción de procedimientos declarados adjudicados fin de medir la efectividad de las áreas responsables de los procesos de contratación | E4: Dependencia | F4: Efectividad | G4: Un procedimiento no adjudicado da cuenta, en la mayoría de los casos, de una definición errónea del objeto de la contratación y/o bien de una investigación de mercado deficiente. | H4: 4to trimestre | I4: Se realizó un proceso de Licitación Pública, adjudicando todas y cada una de sus partidas. | J4: =IFERROR(Concentrado_Contrataciones!G2/Concentrado_Contrataciones!F2,0) -> 0
A5: I.4 | B5: Porcentaje de procedimientos de invitación a cuando menos tres personas adjudicados | C5: (Total de procedimientos reportados en CompraNet/ procedimientos de ICMTP adjudicados en CompraNet) * 100 | D5: Medir la proporción de procedimientos declarados adjudicados fin de medir la efectividad de las áreas responsables de los procesos de contratación | E5: Dependencia | F5: Efectividad | G5: Un procedimiento no adjudicado da cuenta de una definición errónea del objeto de la contratación y/o bien de una investigación de mercado deficiente. | H5: 4to trimestre | I5: Se analizan los casos en los que se declaran desiertas partidas y procesos con la finalidad de mejorar las investigaciones de mercado y/o clarificar de la mejor manera las convocatorias, esto con excepción a las omisiones en que incurran los licitantes. | J5: =IFERROR(Concentrado_Contrataciones!G3/Concentrado_Contrataciones!F3,0) -> 0
A6: I.8 | B6: Porcentaje de procedimientos de licitación pública concluidos con posibilidad de participación electrónica en procedimientos de la LAASSP | C6: (Total de procedimeintosde LP/ procedimientos de LP electronicos) * 100 | D6: Medir la proporción de procedimientos de licitación pública al amparo de la LAASSP y que han sido gestionados a través de CompraNet en comparación con el total de procedimientos de licitación pública realizados por la institución a fin de fomentar el uso de medios electrónicos | E6: Dependencia | F6: Uso de medios electrónicos | G6: El uso de CompraNet es una regla, la normatividad aplicable en la materia permite la recepción de propuestas de manera presencial; es importante medir quien utiliza la herramienta electrónica para la recepción de propuestas. | H6: 4to trimestre | I6: En el caso de la CONAFOR más del 95 por ciento de las contrataciones se realizan de manera electrónica | J6: =IFERROR(Concentrado_Contrataciones!M2/Concentrado_Contrataciones!F2,0) -> 0
A7: I.9 | B7: Porcentaje de procedimientos de invitación a cuando menos tres personas concluidos con posibilidad de participación electrónica en procedimientos de la LAASSP | C7: (Total de procedimeintos de icmtp/ procedimientos de icmtp electronicos) * 100 | D7: Medir la proporción de procedimientos de invitación a cuando menos tres personas al amparo de la LAASSP y que han sido gestionados a través de CompraNet en comparación con el total de procedimientos de invitación a cuando menos tres personas realizados por la institución a fin de fomentar el uso de medios electrónicos | E7: Dependencia | F7: Uso de medios electrónicos | G7: El uso de CompraNet es una regla, la normatividad aplicable en la materia permite la recepción de propuestas de manera presencial; es importante medir quien utiliza la herramienta electrónica para la recepción de propuestas. | H7: 4to trimestre | I7: En el caso de la CONAFOR más del 95 por ciento de las contrataciones se realizan de manera electrónica | J7: =IFERROR(Concentrado_Contrataciones!F3/Concentrado_Contrataciones!M3,0) -> 0
A8: I.14 | B8: Porcentaje de avance en la atención de incidencias de captura identificadas en CompraNet | C8: (Total de incidencias de captura identificadas en CompraNet/ incidencias atendidas en el trimestre) * 100 | D8: Medir en terminos relativos el grado de avance de atención de incidencias de captura identificadas en CompraNet | E8: Dependencia | F8: Transparencia | G8: En agosto de 2015 se implementó de manera automatizada el mecanismo de identificación de incidencias de captura en Compranet; actualmente se encuentran tipificados 14 elementos de captura o registro de información | H8: Acumulado histórico COMPRANET | I8: Se lleva a cabo la atención de las incidencias, realizando la notificación correspondiente a las Gerencias Estatales mediante correo electrónico para la atención y apoyo correspondiente a efecto de llevar el control y solventación de las observaciones formuladas; así mismo se detonaron incidencias conforme al oficio No. 700.2020.0585 de la Oficialia Mayor donde se debera integrar informació adicional a cada expediente de enero 2020 a la fecha | J8: =IFERROR(Concentrado_Contrataciones!O5/Concentrado_Contrataciones!N5,0) -> 0

Sheet INDICADOR DISTRIBUCION
A1: Número | B1: Indicador | C1: Metodo de Calculo | D1: Objetivo / alcance | E1: Nivel de desagregación | F1: Tipo de indicador | G1: Comentario | H1: Periodo | I1: Acciones | J1: Porcentaje de avance al cierre del trimestre | K1: Porcentaje de Adjudicación Directa | L1: Porcentaje de ICM3P | M1: Porcentaje de LP
A2: I.10 | B2: Distribución de supuestos de excepción a la licitación pública al amparo de la LAASSP | C2: (Cantidad de excepciones por cada articulo y fraccion/Total de procedimientos por excepcion) * 100 | D2: Identificar los supuestos de excepción a la licitación pública más recurrentes en aquellos procesos realizados al amparo de la LAASSP a fin de identificar patrones de comportamiento que pudieran limitar la competencia | E2: Dependencia | F2: Transparencia / competencia | G2: El procedimiento preferente en las contrataciones públicas es la licitación pública; sin embargo la normatividad aplicable permite que haya excepciones a fin de garantizar las mejores condiciones para el Estado, es importante conocer cuáles son esos supuestos de excepción | H2: 4to trimestre | I2: Las fracciones más recurrentes que se utilizan en este tipo de contrataciones son del artículo 41, las fracciones I, V, VII,XIV y XX, artículo 42 párrafo primero, segundo y quinto de la LAASSP, | J2: 1 | K2: =IFERROR(Concentrado_Contrataciones!B4/Concentrado_Contrataciones!B5,0) -> 0 | L2: =IFERROR(Concentrado_Contrataciones!B3/Concentrado_Contrataciones!B5,0) -> 0 | M2: N/A
A3: I.11 | B3: Distribución de supuestos de excepción a la licitación pública al amparo de la LOPSRM | C3: (Cantidad de excepciones por cada articulo y fraccion/Total de procedimientos por excepcion) * 100 | D3: Identificar los supuestos de excepción a la licitación pública más recurrentes en aquellos procesos realizados al amparo de la LOPSRM a fin de identificar patrones de comportamiento que pudieran limitar la competencia | E3: Dependencia | F3: Transparencia / competencia | G3: El procedimiento preferente en las contrataciones públicas es la licitación pública; sin embargo la normatividad aplicable permite que haya excepciones a fin de garantizar las mejores condiciones para el Estado, es importante conocer cuáles son esos supuestos de excepción | H3: 4to trimestre | I3: Atendiendo al monto de actuación, se llevó a cabo un proeceso de adjudicación directa previsto en el artículo 43 de la LOPSRM. | J3: 1 | K3: =IFERROR(Concentrado_Contrataciones!E4/Concentrado_Contrataciones!E5,0) -> 0 | L3: =IFERROR(Tabla2[[#This Row],[Cantidad de excepciones a LP LOPSRM]]/Concentrado_Contrataciones!E5,0) -> 0 | M3: N/A
A4: I.12 | B4: Distribución de las contrataciones por tipo de procedimiento en términos de número de contratos | C4: (Cantidad de contratos por tipo de procedimiento/Total de procedimientos ) * 100 | D4: Identificar la distribución porcentual de la adjudicación de contratos por tipo de procedimiento | E4: Dependencia | F4: Transparencia | G4: Se muestra la distribución de los contratos por tipo de procedimiento en términos de número de contratos | H4: 4to trimestre | I4: Se cuenta con registro de procedimientos y contratos formalizados en los que se identifica la cantidad de los mismos. | J4: 1 | K4: =ROUND(IFERROR(Tabla2[[#This Row],[Cantidad de Contrataciones LAASSP]]/Concentrado_Contrataciones!C5,0),2) -> 0 | L4: =ROUND(IFERROR(Concentrado_Contrataciones!C3/Concentrado_Contrataciones!C5,0),2) -> 0 | M4: =ROUND(IFERROR(Concentrado_Contrataciones!C2/Concentrado_Contrataciones!C5,0),2) -> 0
A5: I.13 | B5: Distribución de las contrataciones por tipo de procedimiento en términos de monto de los contratos | C5: (Sumatoria Importe de contratos por tipo de procedimiento/sumatoria Total de procedimientos ) * 100 | D5: Identificar la distribución porcentual de la adjudicación de contratos por tipo de procedimiento | E5: Dependencia | F5: Transparencia | G5: Se muestra la distribución de los contratos por tipo de procedimiento en términos de importe de contratos | H5: 4to trimestre | I5: + | J5: 1 | K5: =ROUND(IFERROR(Concentrado_Contrataciones!D4/Tabla2[[#This Row],[Total Contratado con IVA LAASSP]],0),2) -> 0 | L5: =ROUND(IFERROR(Concentrado_Contrataciones!D3/Tabla2[[#This Row],[Total Contratado con IVA LAASSP]],0),2) -> 0 | M5: =ROUND(IFERROR(Concentrado_Contrataciones!D2/Tabla2[[#This Row],[Total Contratado con IVA LAASSP]],0),2) -> 0

Sheet INDICADOR PROMEDIO
A1: Número | B1: Indicador | C1: Metodo de Calculo | D1: Objetivo / alcance | E1: Nivel de desagregación | F1: Tipo de indicador | G1: Comentario | H1: Periodo | I1: Acciones | J1: Porcentaje de avance al cierre del trimestre | K1: Promedio
A2: I.5 | B2: Promedio de proposiciones recibidas y registradas de manera computable en procedimientos de licitación pública | C2: (Total de proposiciones de LP/ numero total de procedimientos LP) | D2: Cuantificar el número de propuestas recibidas y registradas en CompraNet por procedimiento de contratación a fin de evaluar el nivel de competencia en procedimientos de licitación pública | E2: Dependencia | F2: Competencia | G2: El registro computable de las propuestas recibidas coadyuva a la transparencia, al mismo tiempo que aporta información necesaria para medir el nivel de participación. | H2: 4to trimestre | I2: Se realiza de manera permanente la revisión de los requisitos y necesidades de las áreas requirentes, en aras de realizar las convocatorias para los procedimientos de contratación de forma clara y precisa, con la finalidad de promover la mayor participación por parte de los posibles proveedores. | J2: 1 | K2: =ROUND(IFERROR(Tabla2[[#This Row],[Total de propuestas recibidas y registradas en CompraNet LAASSP]]/Tabla2[[#This Row],[Número Total de Procedimientos]],0),2) -> 0
A3: I.6 | B3: Promedio de proposiciones recibidas y registradas de manera computable en procedimientos de invitación a cuando menos tres personas | C3: (Total de proposiciones de icmtp/ numero total de procedimientos ICMTP) | D3: Cuantificar el número de propuestas recibidas y registradas en CompraNet por procedimiento de contratación a fin de evaluar el nivel de competencia en procedimientos de invitación a cuando menos tres personas | E3: Dependencia | F3: Competencia | G3: El registro computable de las propuestas recibidas coadyuva a la transparencia, al mismo tiempo que aporta información necesaria para medir el nivel de participación. | H3: 4to trimestre | I3: Se realiza de manera permanente la revisión de los requisitos y necesidades de las áreas requirentes, en aras de realizar las convocatorias para los procedimientos de contratación de forma clara y precisa, con la finalidad de promover la mayor participación por parte de los posibles proveedores. | J3: 1 | K3: =ROUND(IF(Tabla2[[#This Row],[Número Total de Procedimientos]],Tabla2[[#This Row],[Total de propuestas recibidas y registradas en CompraNet LAASSP]]/Tabla2[[#This Row],[Número Total de Procedimientos]],0),2) -> 0
A4: I.7 | B4: Promedio de invitados en procedimientos de invitación a cuando menos tres personas | C4: (Total de invitados de icmtp/ numero total de procedimientos ICMTP) | D4: Cuantificar el número de invitados y registrados en CompraNet por procedimiento de contratación a fin de evaluar el nivel de participación en procedimientos de invitación a cuando menos tres personas | E4: Dependencia | F4: Competencia | G4: El registro computable de los licitantes invitados coadyuva a la transparencia, al mismo tiempo que aporta información necesaria para medir el nivel de participación. | H4: 4to trimestre | I4: Se realizó un proceso registrado en éste periodo es derivado de contrato marco, por lo que se realiza la difusión de las invitaciones a la totalidad de proveedores adheridos con la finalidad de llevar a cabo el procedimiento más transparente, eficaces y buscando en todo momento las mejores condiciones para la adquisición de bienes, arrendamientos y/o servicios. | J4: 1 | K4: =ROUND(IF(Concentrado_Contrataciones!F3,(Concentrado_Contrataciones!I3/Concentrado_Contrataciones!F3),0),2) -> 0

Sheet Concentrado_Contrataciones
A1: Tipo de Procedimiento | B1: Cantidad de excepciones a LP LAASSP | C1: Cantidad de Contrataciones LAASSP | D1: Total Contratado con IVA LAASSP | E1: Cantidad de excepciones a LP LOPSRM | F1: Número Total de Procedimientos | G1: Número Total de Procedimientos Adjucicados | H1: Total de propuestas recibidas y registradas en CompraNet LAASSP | I1: Total de invitados y registrados en CompraNet LAASSP | J1: Cantidad de contratos reportados en CNET | K1: Cantidad de contratos con detalle de partida en CNET | L1: Cantidad de contratos con propuestas capturadas en CNET | M1: Cantidad de procedimientos electronicos | N1: Cantidad de incidencias de captura identificadas en CompraNet | O1: Cantidad de incidencias atendidas en el trimestre
A2: Licitación Pública | B2: 0 | C2: =COUNTIF(Tabla37[nIdCategoria],1)+COUNTIF(Tabla37[nIdCategoria],2)+COUNTIF(Tabla37[nIdCategoria],3)+COUNTIF(Tabla37[nIdCategoria],4)+COUNTIF(Tabla49[nIdCategoria],1)+COUNTIF(Tabla49[nIdCategoria],2)+COUNTIF(Tabla49[nIdCategoria],3)+COUNTIF(Tabla49[nIdCategoria],4) -> 0 | D2: =SUMIF(Tabla37[nIdCategoria],1,Tabla37[Total_Contrato])+SUMIF(Tabla37[nIdCategoria],2,Tabla37[Total_Contrato])+SUMIF(Tabla37[nIdCategoria],3,Tabla37[Total_Contrato])+SUMIF(Tabla37[nIdCategoria],4,Tabla37[Total_Contrato])+SUMIF(Tabla49[nIdCategoria],1,Tabla49[Total_Contrato])+SUMIF(Tabla49[nIdCategoria],2,Tabla49[Total_Contrato])+SUMIF(Tabla49[nIdCategoria],3,Tabla49[Total_Contrato])+SUMIF(Tabla49[nIdCategoria],4,Tabla49[Total_Contrato]) -> 0 | E2: 0 | F2: 0 | G2: 0 | H2: 0 | I2: 0 | J2: 0 | K2: 0 | L2: 0 | M2: 0 | N2: 0 | O2: 0
A3: Invitación a Tres Personas | B3: =COUNTIF(Tabla37[nIdCategoria],9)+COUNTIF(Tabla49[nIdCategoria],9) -> 0 | C3: =COUNTIF(Tabla37[nIdCategoria],5)+COUNTIF(Tabla37[nIdCategoria],6)+COUNTIF(Tabla37[nIdCategoria],7)+COUNTIF(Tabla37[nIdCategoria],8)+COUNTIF(Tabla37[nIdCategoria],9)+COUNTIF(Tabla49[nIdCategoria],5)+COUNTIF(Tabla49[nIdCategoria],6)+COUNTIF(Tabla49[nIdCategoria],7)+COUNTIF(Tabla49[nIdCategoria],8)+COUNTIF(Tabla49[nIdCategoria],9) -> 0 | D3: =SUMIF(Tabla37[nIdCategoria],5,Tabla37[Total_Contrato])+SUMIF(Tabla37[nIdCategoria],6,Tabla37[Total_Contrato])+SUMIF(Tabla37[nIdCategoria],7,Tabla37[Total_Contrato])+SUMIF(Tabla37[nIdCategoria],8,Tabla37[Total_Contrato])+SUMIF(Tabla37[nIdCategoria],9,Tabla37[Total_Contrato])+SUMIF(Tabla49[nIdCategoria],5,Tabla49[Total_Contrato])+SUMIF(Tabla49[nIdCategoria],6,Tabla49[Total_Contrato])+SUMIF(Tabla49[nIdCategoria],7,Tabla49[Total_Contrato])+SUMIF(Tabla49[nIdCategoria],8,Tabla49[Total_Contrato])+SUMIF(Tabla49[nIdCategoria],9,Tabla49[Total_Contrato]) -> 0 | E3: 0 | F3: 0 | G3: 0 | H3: 0 | I3: 0 | J3: 0 | K3: 0 | L3: 0 | M3: 0 | N3: 0 | O3: 0
A4: Adjudicación Directa | B4: =COUNTIF(Tabla37[nIdCategoria],12)+COUNTIF(Tabla49[nIdCategoria],12) -> 0 | C4: =COUNTIF(Tabla37[nIdCategoria],10)+COUNTIF(Tabla37[nIdCategoria],11)+COUNTIF(Tabla37[nIdCategoria],12)+COUNTIF(Tabla37[nIdCategoria],13)+COUNTIF(Tabla37[nIdCategoria],14)+COUNTIF(Tabla49[nIdCategoria],10)+COUNTIF(Tabla49[nIdCategoria],11)+COUNTIF(Tabla49[nIdCategoria],12)+COUNTIF(Tabla49[nIdCategoria],13)+COUNTIF(Tabla49[nIdCategoria],14) -> 0 | D4: =SUMIF(Tabla37[nIdCategoria],10,Tabla37[Total_Contrato])+SUMIF(Tabla37[nIdCategoria],11,Tabla37[Total_Contrato])+SUMIF(Tabla37[nIdCategoria],12,Tabla37[Total_Contrato])+SUMIF(Tabla37[nIdCategoria],13,Tabla37[Total_Contrato])+SUMIF(Tabla37[nIdCategoria],14,Tabla37[Total_Contrato])+SUMIF(Tabla49[nIdCategoria],10,Tabla49[Total_Contrato])+SUMIF(Tabla49[nIdCategoria],11,Tabla49[Total_Contrato])+SUMIF(Tabla49[nIdCategoria],12,Tabla49[Total_Contrato])+SUMIF(Tabla49[nIdCategoria],13,Tabla49[Total_Contrato])+SUMIF(Tabla49[nIdCategoria],14,Tabla49[Total_Contrato]) -> 0 | E4: =COUNTIF(Tabla18[Tipo_Procedimiento],23)+COUNTIF(Tabla5[Tipo_Procedimiento],23) -> 0 | F4: 0 | G4: 0 | H4: 0 | I4: 0 | J4: 0 | K4: 0 | L4: 0 | M4: 0 | N4: 0 | O4: 0
A5: Total | B5: =SUM(B2:B4) -> 0 | C5: =SUM(C2:C4) -> 0 | D5: =SUM(D2:D4) -> 0 | E5: =SUM(E2:E4) -> 0 | F5: =SUM(F2:F4) -> 0 | G5: =SUM(G2:G4) -> 0 | H5: =SUM(H2:H4) -> 0 | I5: =SUM(I2:I4) -> 0 | ... O5: =SUM(O2:O4) -> 0

Sheet Contratos SAI_ADQ
A1: Contratos de Adquisiciones SAI
A2: Contrato_SAI | B2: Contrato_CNET | C2: Procedimiento_CNET | D2: RFC | E2: Fecha_Formalizacion | F2: Fundamento_Legal | G2: Tipo_Procedimiento | H2: nIdCategoria | I2: Total_Contrato

Sheet Contratos SAI_OBRA
A1: Contratos de Obra SAI
A2: Contrato_SAI | B2: Contrato_CNET | C2: Procedimiento_CNET | D2: RFC | E2: Fecha_Formalizacion | F2: Fundamento_Legal | G2: Tipo_Procedimiento | H2: Total_Contrato

Sheet Contratos Ambiental_ADQ
A1: Contratos de Adquisiciones SAI_Ambiental
A2: Contrato_SAI | B2: Contrato_CNET | C2: Procedimiento_CNET | D2: RFC | E2: Fecha_Formalizacion | F2: Fundamento_Legal | G2: Tipo_Procedimiento | H2: nIdCategoria | I2: Total_Contrato

Sheet Contratos Fonden_OBRA
A1: Contratos de Obra SAI Fonden
A2: Contrato_SAI | B2: Contrato_CNET | C2: Procedimiento_CNET | D2: RFC | E2: Fecha_Formalizacion | F2: Fundamento_Legal | G2: Tipo_Procedimiento | H2: Total_Contrato
